{"_wandb":{"runtime":53452},"_runtime":53452.089761352,"_step":5000,"train_loss":0.106170654296875,"lr":0,"_timestamp":1.7748715474801707e+09,"val_loss":0.11728515625}